{
  "Close Sessions On End" : true,
  "Ansi 15 Color (Dark)" : {
    "Red Component" : 0.75294117647058822,
    "Color Space" : "sRGB",
    "Blue Component" : 0.96078431372549022,
    "Alpha Component" : 1,
    "Green Component" : 0.792156862745098
  },
  "Non-ASCII Anti Aliased" : true,
  "Cursor Text Color" : {
    "Red Component" : 1,
    "Color Space" : "sRGB",
    "Blue Component" : 1,
    "Alpha Component" : 1,
    "Green Component" : 1
  },
  "Smart Cursor Color" : false,
  "Prompt Before Closing 2" : false,
  "Ansi 3 Color (Dark)" : {
    "Red Component" : 0.8784313725490196,
    "Color Space" : "sRGB",
    "Blue Component" : 0.40784313725490201,
    "Alpha Component" : 1,
    "Green Component" : 0.68627450980392157
  },
  "Ansi 12 Color (Dark)" : {
    "Red Component" : 0.47843137254901957,
    "Color Space" : "sRGB",
    "Blue Component" : 0.96862745098039216,
    "Alpha Component" : 1,
    "Green Component" : 0.63529411764705879
  },
  "Mouse Reporting" : true,
  "Use Underline Color (Light)" : false,
  "Disable Window Resizing" : true,
  "BM Growl" : true,
  "Background Color (Dark)" : {
    "Red Component" : 0.1019607843137255,
    "Color Space" : "sRGB",
    "Blue Component" : 0.14901960784313731,
    "Alpha Component" : 1,
    "Green Component" : 0.1058823529411765
  },
  "Guid" : "8150B648-9C74-4395-A258-5FCCBD3BC43F",
  "Cursor Color (Dark)" : {
    "Red Component" : 0.75294117647058822,
    "Color Space" : "sRGB",
    "Blue Component" : 0.96078431372549022,
    "Alpha Component" : 1,
    "Green Component" : 0.792156862745098
  },
  "Selection Color (Dark)" : {
    "Red Component" : 0.15686274509803921,
    "Color Space" : "sRGB",
    "Blue Component" : 0.3411764705882353,
    "Alpha Component" : 1,
    "Green Component" : 0.20392156862745101
  },
  "Scrollback Lines" : 1000,
  "Badge Color (Dark)" : {
    "Red Component" : 1,
    "Color Space" : "sRGB",
    "Blue Component" : 0,
    "Alpha Component" : 0.5,
    "Green Component" : 0.1491314172744751
  },
  "Faint Text Alpha" : 0.5,
  "Ansi 0 Color (Dark)" : {
    "Red Component" : 0.082352941176470601,
    "Color Space" : "sRGB",
    "Blue Component" : 0.1176470588235294,
    "Alpha Component" : 1,
    "Green Component" : 0.086274509803921595
  },
  "Transparency" : 0,
  "Use Bright Bold" : true,
  "Horizontal Spacing" : 1,
  "Ansi 13 Color (Light)" : {
    "Green Component" : 0.34901960780000002,
    "Red Component" : 0.53725490200000003,
    "Blue Component" : 0.6588235294
  },
  "Blur" : false,
  "Ansi 13 Color" : {
    "Red Component" : 0.8821563720703125,
    "Color Space" : "sRGB",
    "Blue Component" : 0.8821563720703125,
    "Alpha Component" : 1,
    "Green Component" : 0.4927266538143158
  },
  "Ansi 2 Color (Dark)" : {
    "Red Component" : 0.61960784313725492,
    "Color Space" : "sRGB",
    "Blue Component" : 0.41568627450980389,
    "Alpha Component" : 1,
    "Green Component" : 0.80784313725490198
  },
  "Cursor Color" : {
    "Red Component" : 0,
    "Color Space" : "sRGB",
    "Blue Component" : 0,
    "Alpha Component" : 1,
    "Green Component" : 0
  },
  "Use Cursor Guide (Light)" : false,
  "Option Key Sends" : 2,
  "Idle Code" : 0,
  "Ansi 13 Color (Dark)" : {
    "Red Component" : 0.73333333333333328,
    "Color Space" : "sRGB",
    "Blue Component" : 0.96862745098039216,
    "Alpha Component" : 1,
    "Green Component" : 0.60392156862745094
  },
  "Send Code When Idle" : false,
  "Selection Color" : {
    "Red Component" : 0.70196080207824707,
    "Color Space" : "sRGB",
    "Blue Component" : 1,
    "Alpha Component" : 1,
    "Green Component" : 0.84313726425170898
  },
  "Terminal Type" : "xterm-256color",
  "Cursor Boost (Dark)" : 0,
  "Right Option Key Sends" : 0,
  "Background Color" : {
    "Red Component" : 0.97999999999999998,
    "Color Space" : "sRGB",
    "Blue Component" : 0.97999999999999998,
    "Alpha Component" : 1,
    "Green Component" : 0.97999999999999998
  },
  "Show Mark Indicators" : false,
  "Ansi 10 Color (Dark)" : {
    "Red Component" : 0.61960784313725492,
    "Color Space" : "sRGB",
    "Blue Component" : 0.41568627450980389,
    "Alpha Component" : 1,
    "Green Component" : 0.80784313725490198
  },
  "Ansi 10 Color" : {
    "Red Component" : 0.3450070321559906,
    "Color Space" : "sRGB",
    "Blue Component" : 0.56541937589645386,
    "Alpha Component" : 1,
    "Green Component" : 0.9042816162109375
  },
  "Vertical Spacing" : 1,
  "Use Tab Color (Light)" : false,
  "Columns" : 80,
  "Ansi 2 Color (Light)" : {
    "Green Component" : 0.5490196078431373,
    "Red Component" : 0.44313725490196076,
    "Blue Component" : 0
  },
  "Screen" : -1,
  "Cursor Text Color (Dark)" : {
    "Red Component" : 0.1019607843137255,
    "Color Space" : "sRGB",
    "Blue Component" : 0.14901960784313731,
    "Alpha Component" : 1,
    "Green Component" : 0.1058823529411765
  },
  "Description" : "Default",
  "Unlimited Scrollback" : false,
  "Use Italic Font" : true,
  "Working Directory" : "\/Users\/philipcatterall",
  "Selected Text Color (Dark)" : {
    "Red Component" : 0.75294117647058822,
    "Color Space" : "sRGB",
    "Blue Component" : 0.96078431372549022,
    "Alpha Component" : 1,
    "Green Component" : 0.792156862745098
  },
  "Use Cursor Guide (Dark)" : false,
  "Visual Bell" : true,
  "Link Color (Light)" : {
    "Red Component" : 0.14513972401618958,
    "Color Space" : "P3",
    "Blue Component" : 0.7093239426612854,
    "Alpha Component" : 1,
    "Green Component" : 0.35333043336868286
  },
  "Ansi 1 Color (Dark)" : {
    "Red Component" : 0.96862745098039216,
    "Color Space" : "sRGB",
    "Blue Component" : 0.55686274509803924,
    "Alpha Component" : 1,
    "Green Component" : 0.46274509803921571
  },
  "Default Bookmark" : "No",
  "Ansi 14 Color (Light)" : {
    "Green Component" : 0.59999999999999998,
    "Red Component" : 0.24313725489999999,
    "Blue Component" : 0.62352941179999999
  },
  "Ansi 7 Color (Light)" : {
    "Green Component" : 0.99997437000274658,
    "Red Component" : 1,
    "Blue Component" : 0.99999129772186279
  },
  "Ansi 3 Color (Light)" : {
    "Green Component" : 0.71764705882352942,
    "Red Component" : 0.91764705882352937,
    "Blue Component" : 0
  },
  "Ansi 9 Color (Dark)" : {
    "Red Component" : 0.96862745098039216,
    "Color Space" : "sRGB",
    "Blue Component" : 0.55686274509803924,
    "Alpha Component" : 1,
    "Green Component" : 0.46274509803921571
  },
  "Badge Color (Light)" : {
    "Red Component" : 0.92929404973983765,
    "Color Space" : "P3",
    "Blue Component" : 0.13960540294647217,
    "Alpha Component" : 0.5,
    "Green Component" : 0.25479039549827576
  },
  "Ansi 14 Color (Dark)" : {
    "Red Component" : 0.49019607843137247,
    "Color Space" : "sRGB",
    "Blue Component" : 1,
    "Alpha Component" : 1,
    "Green Component" : 0.81176470588235294
  },
  "Tags" : [

  ],
  "Link Color (Dark)" : {
    "Red Component" : 0.45098039215686281,
    "Color Space" : "sRGB",
    "Blue Component" : 0.792156862745098,
    "Alpha Component" : 1,
    "Green Component" : 0.85490196078431369
  },
  "Custom Command" : "No",
  "Jobs to Ignore" : [
    "rlogin",
    "ssh",
    "slogin",
    "telnet"
  ],
  "Use Non-ASCII Font" : true,
  "Custom Directory" : "No",
  "Use Selected Text Color (Light)" : true,
  "Bold Color (Light)" : {
    "Green Component" : 0.30196078430000001,
    "Red Component" : 0.30196078430000001,
    "Blue Component" : 0.29803921570000003
  },
  "Brighten Bold Text (Dark)" : true,
  "Ansi 8 Color (Light)" : {
    "Green Component" : 0,
    "Red Component" : 0,
    "Blue Component" : 0
  },
  "Name" : "Default",
  "Ansi 11 Color (Dark)" : {
    "Red Component" : 0.8784313725490196,
    "Color Space" : "sRGB",
    "Blue Component" : 0.40784313725490201,
    "Alpha Component" : 1,
    "Green Component" : 0.68627450980392157
  },
  "Ansi 14 Color" : {
    "Red Component" : 0.37597531080245972,
    "Color Space" : "sRGB",
    "Blue Component" : 1,